{"UUID":"SmWF1f091pgLGxF2vsvXQs","layoutMainAxisSizing":null,"layoutCrossAxisSizing":null,"name":"Marketplace","isVisible":true,"boundaryRectangle":null,"style":null,"prototypeNodeUUID":null,"child":null,"constraints":null,"debug":false,"pngPath":"/usr/src/app/temp-out/pb-tmp-08274b82-9b47-4ac0-a98c-f70bd5fd8112/marketplace/lib/assets/images","designSystem":{"UUID":"","layoutMainAxisSizing":null,"layoutCrossAxisSizing":null,"name":"material3","isVisible":false,"boundaryRectangle":null,"pbdlType":null,"style":null,"prototypeNodeUUID":"","child":null,"constraints":null,"textStyles":["bodyLarge","bodyMedium","bodySmall","displayLarge","displayMedium","displaySmall","headlineLarge","headlineMedium","headlineSmall","labelLarge","labelMedium","labelSmall","titleLarge","titleMedium","titleSmall"],"colorSchemes":[{"UUID":"","layoutMainAxisSizing":null,"layoutCrossAxisSizing":null,"name":"light","isVisible":false,"boundaryRectangle":null,"pbdlType":null,"style":null,"prototypeNodeUUID":"","child":null,"constraints":null,"supportedAttributes":["primary","onPrimary","primaryContainer","onPrimaryContainer","secondary","onSecondary","secondaryContainer","onSecondaryContainer","tertiary","onTertiary","tertiaryContainer","onTertiaryContainer","error","onError","errorContainer","onErrorContainer","background","onBackground","surface","onSurface","surfaceVariant","onSurfaceVariant","outline","shadow","inverseSurface","onInverseSurface","inversePrimary","surfaceTint"]},{"UUID":"","layoutMainAxisSizing":null,"layoutCrossAxisSizing":null,"name":"dark","isVisible":false,"boundaryRectangle":null,"pbdlType":null,"style":null,"prototypeNodeUUID":"","child":null,"constraints":null,"supportedAttributes":["primary","onPrimary","primaryContainer","onPrimaryContainer","secondary","onSecondary","secondaryContainer","onSecondaryContainer","tertiary","onTertiary","tertiaryContainer","onTertiaryContainer","error","onError","errorContainer","onErrorContainer","background","onBackground","surface","onSurface","surfaceVariant","onSurfaceVariant","outline","shadow","inverseSurface","onInverseSurface","inversePrimary","surfaceTint"]}]},"pages":[{"UUID":"0:1","layoutMainAxisSizing":null,"layoutCrossAxisSizing":null,"name":"Page 1","isVisible":true,"boundaryRectangle":null,"style":null,"prototypeNodeUUID":null,"child":null,"constraints":null,"convert":true,"screens":[],"pbdlType":"page"}],"miscPages":[],"sharedStyles":[],"globalStyles":{"UUID":"","layoutMainAxisSizing":null,"layoutCrossAxisSizing":null,"name":"","isVisible":false,"boundaryRectangle":null,"style":null,"prototypeNodeUUID":null,"child":null,"constraints":null,"pbdlType":"global_styles","designSystem":"material3","colors":[{"UUID":"1:1067","layoutMainAxisSizing":null,"layoutCrossAxisSizing":null,"name":"SAMEA_M3_THEME/black","isVisible":false,"boundaryRectangle":null,"style":null,"prototypeNodeUUID":null,"child":null,"constraints":null,"description":"","pbdlType":"global_color","color":{"a":1.0,"r":0.0,"g":0.0,"b":0.0}},{"UUID":"1:1074","layoutMainAxisSizing":null,"layoutCrossAxisSizing":null,"name":"SAMEA_M3_THEME/sys/light/surface-variant","isVisible":false,"boundaryRectangle":null,"style":null,"prototypeNodeUUID":null,"child":null,"constraints":null,"description":"token=md.sys.color.surface-variant\n\nsurface-variant / on-surface-variant\n\nRegular text:\nLevel AA - ✅ Pass\nLevel AAA - ✅ Pass\n\nLarge text:\nLevel AA - ✅ Pass\nLevel AAA - ✅ Pass\n\nIcons:\nLevel AA - ✅ Pass\n","pbdlType":"global_color","color":{"a":1.0,"r":0.9333333373069763,"g":0.9333333373069763,"b":0.9333333373069763}},{"UUID":"1:1073","layoutMainAxisSizing":null,"layoutCrossAxisSizing":null,"name":"SAMEA_M3_THEME/state-layers/light/outline/opacity-0.16","isVisible":false,"boundaryRectangle":null,"style":null,"prototypeNodeUUID":null,"child":null,"constraints":null,"description":"","pbdlType":"global_color","color":{"a":0.1599999964237213,"r":0.4745098054409027,"g":0.45490196347236633,"b":0.4941176474094391}},{"UUID":"1:1089","layoutMainAxisSizing":null,"layoutCrossAxisSizing":null,"name":"SAMEA_M3_THEME/ref/neutral/neutral60","isVisible":false,"boundaryRectangle":null,"style":null,"prototypeNodeUUID":null,"child":null,"constraints":null,"description":"token=md.ref.palette.neutral60","pbdlType":"global_color","color":{"a":1.0,"r":0.5764706134796143,"g":0.5764706134796143,"b":0.5764706134796143}},{"UUID":"1:1093","layoutMainAxisSizing":null,"layoutCrossAxisSizing":null,"name":"SAMEA_M3_THEME/extended/custom-color-3/light/custom-color-3","isVisible":false,"boundaryRectangle":null,"style":null,"prototypeNodeUUID":null,"child":null,"constraints":null,"description":"","pbdlType":"global_color","color":{"a":1.0,"r":0.19607843458652496,"g":0.7843137383460999,"b":0.19607843458652496}},{"UUID":"1:1094","layoutMainAxisSizing":null,"layoutCrossAxisSizing":null,"name":"SAMEA_M3_THEME/extended/custom-color-3/light/on-custom-color-3","isVisible":false,"boundaryRectangle":null,"style":null,"prototypeNodeUUID":null,"child":null,"constraints":null,"description":"","pbdlType":"global_color","color":{"a":1.0,"r":1.0,"g":1.0,"b":1.0}},{"UUID":"1:1087","layoutMainAxisSizing":null,"layoutCrossAxisSizing":null,"name":"SAMEA_M3_THEME/ref/neutral/neutral40","isVisible":false,"boundaryRectangle":null,"style":null,"prototypeNodeUUID":null,"child":null,"constraints":null,"description":"token=md.ref.palette.neutral40","pbdlType":"global_color","color":{"a":1.0,"r":0.38333332538604736,"g":0.381672203540802,"b":0.3801388740539551}},{"UUID":"1:1102","layoutMainAxisSizing":null,"layoutCrossAxisSizing":null,"name":"SAMEA_M3_THEME/sys/light/on-surface-variant","isVisible":false,"boundaryRectangle":null,"style":null,"prototypeNodeUUID":null,"child":null,"constraints":null,"description":"token=md.sys.color.on-surface-variant\n\nsurface-variant / on-surface-variant\n\nRegular text:\nLevel AA - ✅ Pass\nLevel AAA - ✅ Pass\n\nLarge text:\nLevel AA - ✅ Pass\nLevel AAA - ✅ Pass\n\nIcons:\nLevel AA - ✅ Pass\n","pbdlType":"global_color","color":{"a":1.0,"r":0.0,"g":0.0,"b":0.0}},{"UUID":"1:1111","layoutMainAxisSizing":null,"layoutCrossAxisSizing":null,"name":"SAMEA_M3_THEME/sys/light/on-secondary","isVisible":false,"boundaryRectangle":null,"style":null,"prototypeNodeUUID":null,"child":null,"constraints":null,"description":"token=md.sys.color.on-secondary\n\nsecondary / on-secondary\n\nRegular text:\nLevel AA - ✅ Pass\nLevel AAA - ❌ Fail\n\nLarge text:\nLevel AA - ✅ Pass\nLevel AAA - ✅ Pass\n\nIcons:\nLevel AA - ✅ Pass\n","pbdlType":"global_color","color":{"a":1.0,"r":1.0,"g":1.0,"b":1.0}},{"UUID":"1:1083","layoutMainAxisSizing":null,"layoutCrossAxisSizing":null,"name":"SAMEA_M3_THEME/extended/custom color 8/light/custom color 8","isVisible":false,"boundaryRectangle":null,"style":null,"prototypeNodeUUID":null,"child":null,"constraints":null,"description":"","pbdlType":"global_color","color":{"a":1.0,"r":1.0,"g":0.8235294222831726,"b":0.0}},{"UUID":"1:1062","layoutMainAxisSizing":null,"layoutCrossAxisSizing":null,"name":"SAMEA_M3_THEME/sys/light/on-surface","isVisible":false,"boundaryRectangle":null,"style":null,"prototypeNodeUUID":null,"child":null,"constraints":null,"description":"token=md.sys.color.on-surface\n\nsurface / on-surface\n\nRegular text:\nLevel AA - ✅ Pass\nLevel AAA - ✅ Pass\n\nLarge text:\nLevel AA - ✅ Pass\nLevel AAA - ✅ Pass\n\nIcons:\nLevel AA - ✅ Pass\n","pbdlType":"global_color","color":{"a":1.0,"r":0.10980392247438431,"g":0.10588235408067703,"b":0.12156862765550613}},{"UUID":"1:1066","layoutMainAxisSizing":null,"layoutCrossAxisSizing":null,"name":"SAMEA_M3_THEME/sys/light/primary2","isVisible":false,"boundaryRectangle":null,"style":null,"prototypeNodeUUID":null,"child":null,"constraints":null,"description":"token=md.sys.color.primary\n\nprimary / on-primary\n\nRegular text:\nLevel AA - ✅ Pass\nLevel AAA - ❌ Fail\n\nLarge text:\nLevel AA - ✅ Pass\nLevel AAA - ✅ Pass\n\nIcons:\nLevel AA - ✅ Pass","pbdlType":"global_color","color":{"a":1.0,"r":0.9450980424880981,"g":0.4313725531101227,"b":0.0}},{"UUID":"1:1064","layoutMainAxisSizing":null,"layoutCrossAxisSizing":null,"name":"SAMEA_M3_THEME/surfaces/light/surface3","isVisible":false,"boundaryRectangle":null,"style":null,"prototypeNodeUUID":null,"child":null,"constraints":null,"description":"Surface 3","pbdlType":"global_color","color":{"a":1.0,"r":1.0,"g":1.0,"b":1.0}}],"textStyles":[{"UUID":"1:1060","layoutMainAxisSizing":null,"layoutCrossAxisSizing":null,"name":"SAMEA_M3_THEME/label/large","isVisible":false,"boundaryRectangle":null,"style":null,"prototypeNodeUUID":null,"child":null,"constraints":null,"description":"","pbdlType":"global_text_style","textStyle":{"UUID":"","layoutMainAxisSizing":null,"layoutCrossAxisSizing":null,"name":"","isVisible":false,"boundaryRectangle":null,"style":null,"prototypeNodeUUID":"","child":null,"constraints":null,"fontFamily":"Roboto","fontPostScriptName":null,"paragraphSpacing":0,"paragraphIndent":0,"listSpacing":0,"italics":null,"fontWeight":500,"fontSize":14.0,"textCase":"ORIGINAL","textDecoration":"NONE","textAutoResize":"WIDTH_AND_HEIGHT","textAlignHorizontal":"LEFT","textAlignVertical":"TOP","letterSpacing":0.10000000149011612,"fills":null,"hyperLink":null,"opentypeFlags":{},"lineHeightPx":20.0,"lineHeightPercent":121.90476989746094,"lineHeightPercentFontSize":142.85714721679688,"lineHeightUnit":"PIXELS","pbdlType":"text_style"}},{"UUID":"1:1080","layoutMainAxisSizing":null,"layoutCrossAxisSizing":null,"name":"SAMEA_M3_THEME/label/small","isVisible":false,"boundaryRectangle":null,"style":null,"prototypeNodeUUID":null,"child":null,"constraints":null,"description":"","pbdlType":"global_text_style","textStyle":{"UUID":"","layoutMainAxisSizing":null,"layoutCrossAxisSizing":null,"name":"","isVisible":false,"boundaryRectangle":null,"style":null,"prototypeNodeUUID":"","child":null,"constraints":null,"fontFamily":"Roboto","fontPostScriptName":null,"paragraphSpacing":0,"paragraphIndent":0,"listSpacing":0,"italics":null,"fontWeight":500,"fontSize":11.0,"textCase":"ORIGINAL","textDecoration":"NONE","textAutoResize":"WIDTH_AND_HEIGHT","textAlignHorizontal":"LEFT","textAlignVertical":"TOP","letterSpacing":0.5,"fills":null,"hyperLink":null,"opentypeFlags":{},"lineHeightPx":16.0,"lineHeightPercent":124.1212158203125,"lineHeightPercentFontSize":145.4545440673828,"lineHeightUnit":"PIXELS","pbdlType":"text_style"}},{"UUID":"1:1086","layoutMainAxisSizing":null,"layoutCrossAxisSizing":null,"name":"SAMEA_M3_THEME/title/small","isVisible":false,"boundaryRectangle":null,"style":null,"prototypeNodeUUID":null,"child":null,"constraints":null,"description":"","pbdlType":"global_text_style","textStyle":{"UUID":"","layoutMainAxisSizing":null,"layoutCrossAxisSizing":null,"name":"","isVisible":false,"boundaryRectangle":null,"style":null,"prototypeNodeUUID":"","child":null,"constraints":null,"fontFamily":"Roboto","fontPostScriptName":null,"paragraphSpacing":0,"paragraphIndent":0,"listSpacing":0,"italics":null,"fontWeight":500,"fontSize":14.0,"textCase":"ORIGINAL","textDecoration":"NONE","textAutoResize":"WIDTH_AND_HEIGHT","textAlignHorizontal":"LEFT","textAlignVertical":"TOP","letterSpacing":0.10000000149011612,"fills":null,"hyperLink":null,"opentypeFlags":{},"lineHeightPx":20.0,"lineHeightPercent":121.90476989746094,"lineHeightPercentFontSize":142.85714721679688,"lineHeightUnit":"PIXELS","pbdlType":"text_style"}},{"UUID":"1:1091","layoutMainAxisSizing":null,"layoutCrossAxisSizing":null,"name":"SAMEA_M3_THEME/label/medium","isVisible":false,"boundaryRectangle":null,"style":null,"prototypeNodeUUID":null,"child":null,"constraints":null,"description":"","pbdlType":"global_text_style","textStyle":{"UUID":"","layoutMainAxisSizing":null,"layoutCrossAxisSizing":null,"name":"","isVisible":false,"boundaryRectangle":null,"style":null,"prototypeNodeUUID":"","child":null,"constraints":null,"fontFamily":"Roboto","fontPostScriptName":null,"paragraphSpacing":0,"paragraphIndent":0,"listSpacing":0,"italics":null,"fontWeight":500,"fontSize":12.0,"textCase":"ORIGINAL","textDecoration":"NONE","textAutoResize":"WIDTH_AND_HEIGHT","textAlignHorizontal":"LEFT","textAlignVertical":"TOP","letterSpacing":0.5,"fills":null,"hyperLink":null,"opentypeFlags":{},"lineHeightPx":16.0,"lineHeightPercent":113.77777862548828,"lineHeightPercentFontSize":133.3333282470703,"lineHeightUnit":"PIXELS","pbdlType":"text_style"}},{"UUID":"1:1088","layoutMainAxisSizing":null,"layoutCrossAxisSizing":null,"name":"SAMEA_M3_THEME/body/small","isVisible":false,"boundaryRectangle":null,"style":null,"prototypeNodeUUID":null,"child":null,"constraints":null,"description":"","pbdlType":"global_text_style","textStyle":{"UUID":"","layoutMainAxisSizing":null,"layoutCrossAxisSizing":null,"name":"","isVisible":false,"boundaryRectangle":null,"style":null,"prototypeNodeUUID":"","child":null,"constraints":null,"fontFamily":"Roboto","fontPostScriptName":null,"paragraphSpacing":0,"paragraphIndent":0,"listSpacing":0,"italics":null,"fontWeight":400,"fontSize":12.0,"textCase":"ORIGINAL","textDecoration":"NONE","textAutoResize":"WIDTH_AND_HEIGHT","textAlignHorizontal":"LEFT","textAlignVertical":"TOP","letterSpacing":0.4000000059604645,"fills":null,"hyperLink":null,"opentypeFlags":{},"lineHeightPx":16.0,"lineHeightPercent":113.77777862548828,"lineHeightPercentFontSize":133.3333282470703,"lineHeightUnit":"PIXELS","pbdlType":"text_style"}},{"UUID":"1:1077","layoutMainAxisSizing":null,"layoutCrossAxisSizing":null,"name":"SAMEA_M3_THEME/title/medium","isVisible":false,"boundaryRectangle":null,"style":null,"prototypeNodeUUID":null,"child":null,"constraints":null,"description":"","pbdlType":"global_text_style","textStyle":{"UUID":"","layoutMainAxisSizing":null,"layoutCrossAxisSizing":null,"name":"","isVisible":false,"boundaryRectangle":null,"style":null,"prototypeNodeUUID":"","child":null,"constraints":null,"fontFamily":"Roboto","fontPostScriptName":null,"paragraphSpacing":0,"paragraphIndent":0,"listSpacing":0,"italics":null,"fontWeight":500,"fontSize":16.0,"textCase":"ORIGINAL","textDecoration":"NONE","textAutoResize":"WIDTH_AND_HEIGHT","textAlignHorizontal":"LEFT","textAlignVertical":"TOP","letterSpacing":0.15000000596046448,"fills":null,"hyperLink":null,"opentypeFlags":{},"lineHeightPx":24.0,"lineHeightPercent":128.0,"lineHeightPercentFontSize":150.0,"lineHeightUnit":"PIXELS","pbdlType":"text_style"}}],"themeColors":[{"UUID":"1:1059","layoutMainAxisSizing":null,"layoutCrossAxisSizing":null,"name":"SAMEA_M3_THEME/sys/light/secondary","isVisible":false,"boundaryRectangle":null,"style":null,"prototypeNodeUUID":null,"child":null,"constraints":null,"description":"token=md.sys.color.secondary\n\nsecondary / on-secondary\n\nRegular text:\nLevel AA - ✅ Pass\nLevel AAA - ❌ Fail\n\nLarge text:\nLevel AA - ✅ Pass\nLevel AAA - ✅ Pass\n\nIcons:\nLevel AA - ✅ Pass\n","pbdlType":"global_color","color":{"a":1.0,"r":0.0,"g":0.0,"b":0.0},"colorScheme":"light"},{"UUID":"1:1068","layoutMainAxisSizing":null,"layoutCrossAxisSizing":null,"name":"SAMEA_M3_THEME/sys/light/surface","isVisible":false,"boundaryRectangle":null,"style":null,"prototypeNodeUUID":null,"child":null,"constraints":null,"description":"token=md.sys.color.surface\n\nsurface / on-surface\n\nRegular text:\nLevel AA - ✅ Pass\nLevel AAA - ✅ Pass\n\nLarge text:\nLevel AA - ✅ Pass\nLevel AAA - ✅ Pass\n\nIcons:\nLevel AA - ✅ Pass\n","pbdlType":"global_color","color":{"a":1.0,"r":1.0,"g":1.0,"b":1.0},"colorScheme":"light"},{"UUID":"1:1063","layoutMainAxisSizing":null,"layoutCrossAxisSizing":null,"name":"SAMEA_M3_THEME/sys/light/outline","isVisible":false,"boundaryRectangle":null,"style":null,"prototypeNodeUUID":null,"child":null,"constraints":null,"description":"token=md.sys.color.outline","pbdlType":"global_color","color":{"a":1.0,"r":0.8676470518112183,"g":0.8676470518112183,"b":0.8676470518112183},"colorScheme":"light"},{"UUID":"1:1061","layoutMainAxisSizing":null,"layoutCrossAxisSizing":null,"name":"SAMEA_M3_THEME/sys/light/primary","isVisible":false,"boundaryRectangle":null,"style":null,"prototypeNodeUUID":null,"child":null,"constraints":null,"description":"token=md.sys.color.primary\n\nprimary / on-primary\n\nRegular text:\nLevel AA - ✅ Pass\nLevel AAA - ❌ Fail\n\nLarge text:\nLevel AA - ✅ Pass\nLevel AAA - ✅ Pass\n\nIcons:\nLevel AA - ✅ Pass\n","pbdlType":"global_color","color":{"a":1.0,"r":0.9450980424880981,"g":0.4313725531101227,"b":0.0},"colorScheme":"light"}],"themeTextStyles":[]},"pbdlType":"project"}